frase;sentimento
#Santander lança #SuperGet e entra na briga dos preços das maquininhas https://t.co/eHNi88qUX7;
RT @nadanovonofront: Coisas que já foram chamadas de "comunistas" nos últimos meses na Internet: - Nazismo - Banco Santander - Rede Globo -…;
#vaigarota: Representa, reúne, reinventa. E conte com o Programa Itaú Mulher Empreendedora para ir junto com você.… https://t.co/Kg9hmv1P5C;
Casamento com o Santander? Quero divórcio.: https://t.co/9AtxQ9V1D6 via @YouTube;
Concorrência é benção Só ela p/botar os bancos mais poderosos do país p/agradar (ou manter) seus clientes Depois da… https://t.co/21iSlYUiE5;
@lelebs_ mas e aí? não são todos do bradesco?;
I'm at Bradesco Ag. Calçada in Salvador, Bahia https://t.co/j2uzLcbBgu;
RT @itau: A gente quer ver todas as mulheres mostrando seu poder, ganhando espaço e fazendo acontecer. Conheça o Programa Itaú Mulher Empre…;
@claraaverbuck @itau O meu gerente me ligou 4 vezes hoje pra oferecer PIC. Vamo trocar.;
RT @TonhoDrinks: O sujeito é convidado de forma respeitosa por uma outra pessoa pra unir forças. Daí aproveita a situação pra dar uma alfin…;
RT @TonhoDrinks: O sujeito é convidado de forma respeitosa por uma outra pessoa pra unir forças. Daí aproveita a situação pra dar uma alfin…;
Bradesco deve indenizar idosa por contrato ilegal  https://t.co/5TIuxDYRzr;
Queria comer o milho do cara q vende em frente ao Santander de ipo e ele n tava;
RT @TonhoDrinks: O sujeito é convidado de forma respeitosa por uma outra pessoa pra unir forças. Daí aproveita a situação pra dar uma alfin…;
@larissa815 @Bancointer No Bradesco eu precisava L-I-G-A-R para a "minha" gerente — para me sentir importante, né?!;
@itau Dividindo mulheres contra os homens? Xô globalismo ! #ForaComunismo;
@eli_otti Boa tarde, Eli. Você pode verificar a possibilidade do aumento de limite pelo app Santander Way.;
hoje eu tava no bradesco tinha uma poc bonotinha na minha frente poxa queria;
RT @TonhoDrinks: O sujeito é convidado de forma respeitosa por uma outra pessoa pra unir forças. Daí aproveita a situação pra dar uma alfin…;
@Bradesco Como faço pra encerrar minha conta sem ter que ir na agência? Não devo nada e nunca nem mexi nessa porcaria.;
@thorswft Aaaaaaaa q dlc.. o meu do Santander cobra PTAX + 4% Deus me defenderay... Se fosse comprar uns 1000 reais… https://t.co/xl71J5JrLF;
@FlavioCestari @KarlDireita @partidonovo30 @itau @jairbolsonaro @joicehasselmann Bah. É sabido que a Joice é uma in… https://t.co/e3JUEZ4oSh;
Se você tiver conta no @itau e o banco quiser renegociar o limite do cheque especial, não caia no canto da sereia.… https://t.co/JC9C6GODln;
porra, eu vi um tênis lindo bichoo caralho Bradesco kd meu dinheiroooo;
Oi @Bradesco cadê você?  Apple Pay deverá ter metade dos usuários de sistemas de pagamento até 2020 |… https://t.co/xB6i9lOz15;
Procon autua duas agências do Bradesco em Manaus https://t.co/ARPqg3ta7n https://t.co/360No9jqeD;
@santander_br Santander Way. e o meu cartão é o Free;
@KarlDireita @partidonovo30 @itau @jairbolsonaro @joicehasselmann Interessante saber que um apoiador do Bolsonaro u… https://t.co/pQtgBhafZ2;
RT @Monica_Faleiro: A vakinha não está funcionando no momento, quem quiser ajudar, pode fazer o depósito na conta da minha mãe, é específic…;
RT @Chiterojp: Talarico é igual Bradesco anda lado a lado com você.;
o que me irrita nessas propagandas do Bradesco "faz no app" é que não dá pra fazer porcaria nenhuma no app;
@gmskari bradesco eu n pago nadaa;
RT @TonhoDrinks: O sujeito é convidado de forma respeitosa por uma outra pessoa pra unir forças. Daí aproveita a situação pra dar uma alfin…;
RT @JoseMOrtiz66: Liga Endesa, Liga 123, Liga Santander, Liga Dia... cada vez suena más cutre. Con lo bonito que es Liga ACB, Primera o Seg…;
Ae Santander, aprende com o Neymar: fingir não serve de nada. Bancar o divertido quando seu cliente tá fodido da vi… https://t.co/WH4e720XPT;
RT @TonhoDrinks: O sujeito é convidado de forma respeitosa por uma outra pessoa pra unir forças. Daí aproveita a situação pra dar uma alfin…;
Real Santander vs Deportivo Pereira TV: @WinSportsTV Narra: @carlosgolmez  Comenta: @jorgebermudezh #ElTorneoxWIN https://t.co/nrfqtrIlLN;
RT @TorresTavo: Real Santander vs Deportivo Pereira TV: @WinSportsTV Narra: @carlosgolmez  Comenta: @jorgebermudezh #ElTorneoxWIN https://t…;
Dá uma olhada nessa reclamação contra  no @ReclameAQUI https://t.co/OrukBOZlnE;
RT alxpqno: Oi Bradesco cadê você?  Apple Pay deverá ter metade dos usuários de sistemas de pagamento até 2020 |… https://t.co/nxTaru4z5Z;
Porra @itau os caras apontam duas armas pra minha cara, roubam meus pertences e vcs negam o reembolso de um seguro… https://t.co/rJooUBVhBo;
O tempo inteiro a gente vê geral caindo em golpe, pq o banco insiste em telemarketing? Cara, não vou passar meu cpf… https://t.co/m2bddAXHGh;
Meu gerente do Itaú falou que eu tô achando que a vida é um jogo de banco imobiliário kkkkkkkkkkkkkkkkkkkkkkkkk;
@bea_brus Bradesco;
@monroemari_ @itau Disseram que transação depois do roubo MAS É LÓGICO QUE TEVE TRANSAÇÃO EU PEDI OUTRO CARTÃO CARALHO;
@navarro_spfc @pauloap Estamos PHODIDOS com idéias LIBERAIS do @itau.;
Tentando me cadastrar no app do Santander mas tá COMPLICADO;
@Guzz_daSilva @itau vale sim, olha o tanto de dinheiro que você gastou pra esse banco horrível @itau não cumprir com o seguro;
Oi @Bradesco é sério que o banco dito top em tecnologia não tem opção de extrato do cartão de débito no seu App?;
@monroemari_ @itau Eu vou amanhã já conversar com eles e se não entrar num consenso vou ir no procon;
PASTOR EVANG LINDOMAR BISPO DO RJ .DESEJA A TODOS MUITAS PAZ SAUDE E FELICIDADES E MUITOS LIVRAMENTOS EM NOME DE JE… https://t.co/9T4GEv6khq;
@FlavioCestari @KarlDireita @partidonovo30 @itau @jairbolsonaro @joicehasselmann @OfficialPSL @joaoamoedonovo Contr… https://t.co/lQiEzLx9nB;
@Dejonsenn @KarlDireita @partidonovo30 @itau @jairbolsonaro @joicehasselmann @capitalist_ant @janainalimasp… https://t.co/8dfja5L7pI;
@FlavioCestari @KarlDireita @partidonovo30 @itau @jairbolsonaro @joicehasselmann @capitalist_ant @janainalimasp… https://t.co/c4tppiUwa4;
@FlavioCestari @KarlDireita @partidonovo30 @itau @jairbolsonaro @joicehasselmann @capitalist_ant @janainalimasp… https://t.co/TtCaIN7cxC;
RT @InvestingBrasil: Itaú Unibanco publica balanço levemente acima do consenso do mercado  Lucro recorrente R$ 6,382 bi (+3,45%) LPA R$ 0,9…;
Itaú Unibanco melhora perfil de crédito  Taxa de inadimplência: 2,8% no 2T18, queda de 0,4 p.p. contra 2T17  #ITUB4… https://t.co/KcMEG1MzLZ;
Real Santander v Pereira en vivo Real Santander - Pereira | Torneo Aguila LIVE STREAM  https://t.co/UUwjheFpb2 https://t.co/Yx8ZmmMfoe;
RT @KalilIndelicada: História linda, muita superação e fé apresentada pelo @Engcarlosvieira bora ajudar galera!!! https://t.co/nlJoDmcd6V;
Itaú lucra R$ 6,24 bilhões no segundo trimestre https://t.co/422XMhXVde;
RT @JoseMOrtiz66: Liga Endesa, Liga 123, Liga Santander, Liga Dia... cada vez suena más cutre. Con lo bonito que es Liga ACB, Primera o Seg…;
ALO @itau divulga logo o balanco trimestral pelo amor de deus;
essa música da propagando do itaú da mulher eh mt doidera;
@talita_lopesss Esse banco é o pior em atendimento, o itau nunca me decepcionou nesse quesito  N tem como ver fatura pelo app ou internet?;
Neste domingo (29/07) aconteceu mais uma linda etapa da Santander Track Field Run Series, desta vez em Santos. Camp… https://t.co/gVy6z18SI7;
@Bradesco O problema é exigirem que vc leve o comprovante até uma agência. Se é pra só poder fazer parte da atualiz… https://t.co/aavii2bTNq;
Fazendo maratona com o melhor das surpresas do ano: o podcast Histórias de Ninar para Garotas Rebeldes. Obrigada @brains9 e @Bradesco!;
Vagas p/ ANALISTA SEGURANÇA PL - Itaú Unibanco - São Paulo/SP - https://t.co/ZRVi4BZCcU;
@Dejonsenn @FlavioCestari @KarlDireita @partidonovo30 @itau @jairbolsonaro @joicehasselmann KKKKKKKKKKKKKKKKKKKK ES… https://t.co/zMA7Q7Ka7g;
RT @InvestingBrasil: Itaú Unibanco aprova proventos extras para acionistas.  Dividendo: R$ 0,624 por ação JCP: R$ 0,10642 por ação  Total:…;
@viniciuscfp @jairbolsonaro Amoedo pertence ao Itaú que pertence ao Soros. O resto da história td mundo já sabe.;
@Dejonsenn @KarlDireita @partidonovo30 @itau @jairbolsonaro @joicehasselmann O que é mais verídico: um logotipo inv… https://t.co/QhDQyo9Suy;
Queria tanto a blusa da SANTANDER, mas sem condições.;
RT @valor_economico: Itaú tem lucro recorrente de R$ 6,38 bi no segundo trimestre https://t.co/sR6GXgZH8R;
RT @valor_economico: Itaú tem lucro recorrente de R$ 6,38 bi no segundo trimestre https://t.co/sR6GXgZH8R;
RT @valor_economico: Itaú tem lucro recorrente de R$ 6,38 bi no segundo trimestre https://t.co/sR6GXgZH8R;
RT @RICARDOLEITE01: Se você tiver conta no @itau e o banco quiser renegociar o limite do cheque especial, não caia no canto da sereia. Acho…;
@FlavioCestari @Dejonsenn @KarlDireita @partidonovo30 @itau @jairbolsonaro @joicehasselmann Como diria BNegão: - ..… https://t.co/6dMgOSk7qV;
@FlavioCestari @KarlDireita @partidonovo30 @itau @jairbolsonaro @joicehasselmann @OfficialPSL @joaoamoedonovo Errad… https://t.co/f5RtQiaHmm;
@Dejonsenn @KarlDireita @partidonovo30 @itau @jairbolsonaro @joicehasselmann @OfficialPSL Só tem bom exemplo de que… https://t.co/BfsZDOLbNA;
@Dejonsenn @KarlDireita @partidonovo30 @itau @jairbolsonaro @joicehasselmann @OfficialPSL @joaoamoedonovo Só tem bo… https://t.co/DQ4I3J5rdP;
RT @valor_economico: Itaú tem lucro recorrente de R$ 6,38 bi no segundo trimestre https://t.co/sR6GXgZH8R;
@Dejonsenn @KarlDireita @partidonovo30 @itau @jairbolsonaro @joicehasselmann @OfficialPSL @joaoamoedonovo Sim, pq o… https://t.co/2y7bfcFbwo;
IGREJAS DE TODO O BRASIL FECHAN SUAS CONTAS  NO SANTANDER   POVO BRASILIERO VAMOS AJUDAR  AS IGREJAS  DE TODO O PAI… https://t.co/0I5CeTmqKP;
RT @valor_economico: Itaú tem lucro recorrente de R$ 6,38 bi no segundo trimestre https://t.co/sR6GXgZH8R;
@itau quando vocês vão liberar função débito para Apple Pay ?? Nos agradecemos!;
RT @g1economia: Itaú lucra R$ 6,24 bilhões no segundo trimestre https://t.co/422XMhXVde;
@FlavioCestari @KarlDireita @partidonovo30 @itau @jairbolsonaro @joicehasselmann @OfficialPSL Opa, pelo menos não é… https://t.co/3yvpB2BCKg;
@itau @dilribeiro Por se tratar de perfil do banco fiquem mais atentos ao uso.correto do "português da padaria".;
@FlavioCestari @KarlDireita @partidonovo30 @itau @jairbolsonaro @joicehasselmann @OfficialPSL @joaoamoedonovo Ahamm… https://t.co/7r2KyvQvch;
Lucro líquido recorrente do Itaú Unibanco soma R$ 6,382 bi  alta de 3,45% em um ano -  https://t.co/sBnlpqewON;
Lucro líquido recorrente do @itau soma R$ 6,382 bi no segundo trimestre deste ano, alta de 3,45% em um ano… https://t.co/LP8CLOmkNn;
https://t.co/XcvHFBselK PAZ de Santos;
RT @valor_economico: Itaú tem lucro recorrente de R$ 6,38 bi no segundo trimestre https://t.co/sR6GXgZH8R;
RT @Monica_Faleiro: A vakinha não está funcionando no momento, quem quiser ajudar, pode fazer o depósito na conta da minha mãe, é específic…;
RT @itau: A gente quer ver todas as mulheres mostrando seu poder, ganhando espaço e fazendo acontecer. Conheça o Programa Itaú Mulher Empre…;
Lucro líquido do Itaú Unibanco soma R$ 6,38 bilhões  alta de 3,45% https://t.co/pUr1GCGnaq;
RT @exame: Lucro líquido do Itaú Unibanco soma R$ 6,38 bilhões  alta de 3,45% https://t.co/pUr1GCGnaq;
Crise? No Brasil?....vai peguntar aaos banqueiros...se existe crise no Brasil. https://t.co/bLHC78wseC;
RT @Estadao: Lucro do Itaú avança 3,45% no 2º trimestre, para R$ 6,382 bilhões https://t.co/E3Rr7JwfGf;
Com crise se cresce;
A tentativa de passada de pano mais ridícula dos últimos tempos (e olha que a gente teve a gilette passando aquela… https://t.co/aaZuWYFNwj;
I'm at Torre Eudoro Villela - @itau in São Paulo, SP https://t.co/EoGbWZJBf1 https://t.co/w50VsBwbrc;
@claudioedantas Lembrando que o Amoedo é um fantoche do Itaú, lembrando que o Itaú também apoia a candidatura da Ma… https://t.co/LUwV3z8Pgd;
RT @Estadao: Lucro do Itaú avança 3,45% no 2º trimestre, para R$ 6,382 bilhões https://t.co/E3Rr7JwfGf;
RT @exame: Lucro líquido do Itaú Unibanco soma R$ 6,38 bilhões  alta de 3,45% https://t.co/pUr1GCGnaq;
Procon Amazonas autua duas agências do Bradesco em  Manaus, nesta segunda-feira (30) https://t.co/ziNJGTzbK2 via @Blog do Pavulo;
RT @Estadao: Lucro do Itaú avança 3,45% no 2º trimestre, para R$ 6,382 bilhões https://t.co/E3Rr7JwfGf;
(Real Santander - Deportivo Pereira) - https://t.co/FkcrK0loE7;
Real Santander - Deportivo Pereira - https://t.co/nxy80UQjUF;
RT @exame: Lucro líquido do Itaú Unibanco soma R$ 6,38 bilhões  alta de 3,45% https://t.co/pUr1GCGnaq;
RT @Estadao: Lucro do Itaú avança 3,45% no 2º trimestre, para R$ 6,382 bilhões https://t.co/E3Rr7JwfGf;
RT @exame: Lucro líquido do Itaú Unibanco soma R$ 6,38 bilhões  alta de 3,45% https://t.co/pUr1GCGnaq;
Enquanto o brasileiro empobrece... os bancos crescem;
Real Santander - Deportivo Pereira  #link #stream #maçlink #maçizle #livestream https://t.co/GoHtRrnvE8;
@Estadao Mesmo o @itau tendo esse lucro todo, precisaram me roubar R$ 45,00 via @Itaucard...agora, bora pro @TJSPoficial resolver isso;
@itau Eu gostaria que por gentileza parassem de me ligar enchendo o saco oferecendo um monte de vantagens e outras… https://t.co/WGiSmRf1AD;
RT @Estadao: Lucro do Itaú avança 3,45% no 2º trimestre, para R$ 6,382 bilhões https://t.co/E3Rr7JwfGf;
#ITUB4 Itaú Unibanco lucra R$ 6,382 bilhões no 2º trimestre e fica abaixo do esperado – Money Times https://t.co/vKqji1inHn;
@MachadoEdgar88 @Estadao @itau @Itaucard @TJSPoficial E como tu acha q eles tem esse lucro?;
Os banqueiros tão rindo a toa.;
@itau gente, eu fiz uma transferencia pra uma conta poupança, como doc ontem de outro banco, tem alguma previsão de… https://t.co/rUfinAzuBu;
Desculpa Santander mas só vou pagar a fatura quando as aulas voltarem pq o banco de vcs fica na frente do Pitágoras… https://t.co/BJsCMjEvFW;
RT @Estadao: Lucro do Itaú avança 3,45% no 2º trimestre, para R$ 6,382 bilhões https://t.co/E3Rr7JwfGf;
Duas agências do Bradesco em Manaus são autuadas por descumprir a Lei das Filas https://t.co/XFjlMtNQRb;
@CarlaCris187 @_AlexGavea_ @OMOBrasil @oBoticario @Cavalera_Brasil @itau @itaucultural @santander_br @RedeGlobo… https://t.co/XmdTV8DH48;
RT @emy_carvalho201: Gente o meu cachorrinho sumiu hoje por volta de 18:00 horas, na 1° Radial próximo a agência do Itaú ,do Setor Pedro Lu…;
#ITUB4 Itaú anuncia pagamento de dividendos – Money Times https://t.co/ikPB92OUlT;
Quaisquer assimilações com o Itaú não serão meras coincidências.;
@itau Liguei 2x pro serviço de seguros, fiquei 15 min na linha e não fui atendido, ridículo;
RT @PoetasFla: É oficial Meu time tem um planejamento de uma turma da quinta série numa feira de ciências https://t.co/3w1zEdQtCV;
Itaú Unibanco tem lucro de R$ 12,8 bilhões na primeira metade de 2018 -  https://t.co/exvJmAbZGc;
@itau porque ao invés de melhorar o acesso à conta poupança no app vocês estão piorando? Tá cada vez mais difícil;